﻿<?xml version="1.0" encoding="utf-8"?>
<modification>
	<name>Opencart - Top stickers for OpenCart 2.2.x</name>
	<code>9638944505</code>
	<version>1.0.2</version>
    <author>Domus159@gmail.com</author>
    <link>http://xdomus.ru/opencart/stikery-dlya-opencart-2-ustanovka-i-nastrojka/</link>
	<file path="admin/model/catalog/product.php">
		<operation>
			<search>
				<![CDATA[
					$this->cache->delete('product');
				]]>
			</search>
			<add position="before">
				<![CDATA[
					// Top stickers start
						$this->db->query("DELETE FROM " . DB_PREFIX . "topstickers_product WHERE product_id = " . (int)$product_id);
						// var_dump($data['topstickers']);
						if (isset($data['topstickers'])) {
							foreach ($data['topstickers'] as $topsticker) {
								$this->db->query("INSERT INTO " . DB_PREFIX . "topstickers_product SET product_id = " . (int)$product_id . ", topsticker_id = ".(int)$topsticker['topsticker_id']);
							}
						}
					// Top stickers end
				]]>
			</add>
		</operation>
	</file>
	<file path="admin/controller/catalog/product.php">
		<operation>
			<search>
				<![CDATA[
					$data['layouts'] = $this->model_design_layout->getLayouts();
				]]>
			</search>
			<add position="after">
				<![CDATA[
					// Top stickers start
						$this->load->language('module/topstickers');
						$this->load->model('module/topstickers');
						$data['topstickers_product'] = array();
						$data['tab_topstickers'] = $this->language->get('tab_topstickers');
						$data['entry_topstickers'] = $this->language->get('entry_topstickers');
						$data['topstickers'] = $this->model_module_topstickers->getTopStickers();
						if (isset($this->request->post['product_layout'])) {
							$data['topstickers_product'] = $this->request->post['topstickers'];
						} elseif (isset($this->request->get['product_id'])) {
							$topstickers_products = array();
							$topstickers_products = $this->model_module_topstickers->getTopStickersProduct($this->request->get['product_id']);
							foreach ($topstickers_products as $topstickers_product) {
								$data['topstickers_product'][] = $topstickers_product['topsticker_id'];
							}
						} else {
							$data['topstickers_product'] = array();
						}
					// Top stickers end
				]]>
			</add>
		</operation>
	</file>
	<file path="admin/view/template/catalog/product_form.tpl">
		<operation>
			<search>
				<![CDATA[
					<li><a href="#tab-design" data-toggle="tab"><?php echo $tab_design; ?></a></li>
				]]>
			</search>
			<add position="after">
				<![CDATA[
					<!-- Top stickers start -->
						<li><a href="#tab-topstickers" data-toggle="tab"><?php echo $tab_topstickers; ?></a></li>
					<!-- Top stickers start -->
				]]>
			</add>
		</operation>
		<operation>
			<search>
				<![CDATA[
					<div class="tab-pane" id="tab-design">
				]]>
			</search>
			<add position="before"><![CDATA[
				<!-- Top stickers start -->
					<div class="tab-pane" id="tab-topstickers">
					  <div class="table-responsive">
						<div class="form-group" style="margin: 0px">
						  <label class="col-sm-2 control-label" for="input-topstickers"><?php echo $entry_topstickers; ?></label>
						  <div class="col-sm-10">
							<div class="well well-sm" style="height: 150px; overflow: auto;">
								<?php foreach ($topstickers as $topsticker) { ?>
									<div class="checkbox">
										<label>
											<input type="checkbox" name="topstickers[][topsticker_id]" value="<?php echo $topsticker['topsticker_id'];?>" <?php echo (array_search($topsticker['topsticker_id'], $topstickers_product) !== false? "checked": "");?> /> <?php echo $topsticker['name']; ?>
										</label>
									</div>
								<?php } ?>
							</div>
						  </div>
						</div>
					  </div>
					</div>
				<!-- Top stickers start -->
			]]></add>
		</operation>
	</file>
	<file path="catalog/controller/common/header.php">
		<operation>
			<search>
				<![CDATA[
					public function index() {
				]]>
			</search>
			<add position="after">
				<![CDATA[
					// Top stickers start
						$this->load->model('setting/setting');
						$data['topstickers_status'] = $this->config->get('topstickers_status');
						$data['topstickers_position'] = $this->config->get('topstickers_position');
						$data['topstickers_sold_bg'] = $this->config->get('topstickers_sold_bg');
						$data['topstickers_sale_bg'] = $this->config->get('topstickers_sale_bg');
						$data['topstickers_bestseller_bg'] = $this->config->get('topstickers_bestseller_bg');
						$data['topstickers_novelty_bg'] = $this->config->get('topstickers_novelty_bg');
						$data['topstickers_last_bg'] = $this->config->get('topstickers_last_bg');
						$data['topstickers_freeshipping_bg'] = $this->config->get('topstickers_freeshipping_bg');
					// Top stickers end
				]]>
			</add>
		</operation>
	</file>
	<file path="catalog/view/theme/*/template/common/header.tpl">
		<operation>
			<search>
				<![CDATA[
					</head>
				]]>
			</search>
			<add position="before">
				<![CDATA[
					<!-- Top stickers start-->
						<?php if ($topstickers_status) { ?>
							<style type="text/css">
								.topstickers_wrapper {
									position: absolute;
									z-index: 999;
									color: #fff;
									text-transform: uppercase;
									font-weight: bold;
									line-height: 1.75;
								}
								<?php if ($topstickers_position == 0) { ?>
									.topstickers_wrapper {
										top: 5px;
										left: 15px;
										right: auto;
									}
								<?php } else { ?>
									.topstickers_wrapper {
										top: 5px;
										right: 15px;
										left: auto;
									}
								<?php } ?>
								.topstickers {
									padding: 0 10px;
									margin-bottom: 5px;
								}
								<?php if ($topstickers_position == 0) { ?>
									.topstickers {
										box-shadow: 2px 2px 2px #000;
									}
								<?php } else { ?>
									.topstickers {
										box-shadow: -2px 2px 2px #000;
									}
								<?php } ?>
								.topstickers_sold {
									background-color: <?php echo $topstickers_sold_bg; ?>;
								}
								.topstickers_sale {
									background-color: <?php echo $topstickers_sale_bg; ?>;
								}
								.topstickers_bestseller {
									background-color: <?php echo $topstickers_bestseller_bg; ?>;
								}
								.topstickers_novelty {
									background-color: <?php echo $topstickers_novelty_bg; ?>;
								}
								.topstickers_last {
									background-color: <?php echo $topstickers_last_bg; ?>;
								}
								.topstickers_freeshipping {
									background-color: <?php echo $topstickers_freeshipping_bg; ?>;
								}
							</style>
						<?php } ?>
					<!-- Top stickers end-->
				]]>
			</add>
		</operation>
	</file>
	<file path="catalog/model/catalog/product.php">
		<operation>
			<search>
				<![CDATA[
					public function getTotalProductSpecials() {
				]]>
			</search>
			<add position="before">
				<![CDATA[
					public function getProductTopStickers($product_id) {
						$query = $this->db->query("SELECT * FROM " . DB_PREFIX . "topstickers_product tsp LEFT JOIN " . DB_PREFIX . "topstickers ts ON (ts.topsticker_id = tsp.topsticker_id) WHERE tsp.product_id = '" . (int)$product_id . "' AND ts.status = '1'");
						return $query->rows;
					}
				]]>
			</add>
		</operation>
	</file>
	<file path="catalog/controller/product/product.php">
		<operation>
			<search>
				<![CDATA[
					if (isset($this->request->get['product_id'])) {
				]]>
			</search>
			<add position="before">
				<![CDATA[
					// Top stickers start
						$this->load->model('setting/setting');

						// Statuses
						$data['topstickers_status'] = $this->config->get('topstickers_status');
						$data['topstickers_sold_status'] = $this->config->get('topstickers_sold_status');
						$data['topstickers_sale_status'] = $this->config->get('topstickers_sale_status');
						$data['topstickers_bestseller_status'] = $this->config->get('topstickers_bestseller_status');
						$data['topstickers_novelty_status'] = $this->config->get('topstickers_novelty_status');
						$data['topstickers_last_status'] = $this->config->get('topstickers_last_status');
						$data['topstickers_freeshipping_status'] = $this->config->get('topstickers_freeshipping_status');

						// Text
						$current_language_id = $this->config->get('config_language_id');
						$data['topstickers_sold_text'] = $this->config->get('topstickers_sold_text')[$current_language_id];
						$data['topstickers_sale_text'] = $this->config->get('topstickers_sale_text')[$current_language_id];
						$data['topstickers_bestseller_text'] = $this->config->get('topstickers_bestseller_text')[$current_language_id];
						$data['topstickers_novelty_text'] = $this->config->get('topstickers_novelty_text')[$current_language_id];
						$data['topstickers_last_text'] = $this->config->get('topstickers_last_text')[$current_language_id];
						$data['topstickers_freeshipping_text'] = $this->config->get('topstickers_freeshipping_text')[$current_language_id];

						// Additional data
						$data['topstickers_bestseller_numbers'] = $this->config->get('topstickers_bestseller_numbers');
						$data['topstickers_novelty_days'] = $this->config->get('topstickers_novelty_days');
						$data['topstickers_last_numbers'] = $this->config->get('topstickers_last_numbers');
						$data['topstickers_freeshipping_price'] = $this->config->get('topstickers_freeshipping_price');
					// Top stickers end
				]]>
			</add>
		</operation>
		<operation>
			<search>
				<![CDATA[
					$data['recurrings'] = $this->model_catalog_product->getProfiles($this->request->get['product_id']);
				]]>
			</search>
			<add position="before">
				<![CDATA[
					// Top stickers start
						// Stickers for current product
							// Sold sticker
							$data['product_sold_sticker'] = false;
							if ($data['topstickers_sold_status'] && $data['topstickers_sold_text'] && $data['topstickers_sold_text'] != '' && $product_info['quantity'] <= 0) {
								$data['product_sold_sticker'] = $data['topstickers_sold_text'];
							}

							// Sale sticker
							$data['product_sale_sticker'] = false;
							if ($data['topstickers_sale_status'] && $data['topstickers_sale_text'] && $data['topstickers_sale_text'] != '' && (float)$product_info['special']) {
								$data['product_sale_sticker'] = $data['topstickers_sale_text'];
							}

							// Bestseller sticker
							$data['product_bestseller_sticker'] = false;
							if ($data['topstickers_bestseller_status'] && $data['topstickers_bestseller_text'] && $data['topstickers_bestseller_text'] != '') {
								$bestsellers = $this->model_catalog_product->getBestSellerProducts( $data['topstickers_bestseller_numbers']);
								foreach ($bestsellers as $bestseller) {
									if ($bestseller['product_id'] == $product_id) {
										$data['product_bestseller_sticker'] = $data['topstickers_bestseller_text'];
									}
								}
							}

							// Novelty sticker
							$data['product_novelty_sticker'] = false;
							if ($data['topstickers_novelty_status'] && $data['topstickers_novelty_text'] && $data['topstickers_novelty_text'] != '' && (strtotime($product_info['date_added']) + intval($data['topstickers_novelty_days']) * 24 * 3600) > time()) {
								$data['product_novelty_sticker'] = $data['topstickers_novelty_text'];
							}

							// Last sticker
							$data['product_last_sticker'] = false;
							if ($data['topstickers_last_status'] && $data['topstickers_last_text'] && $data['topstickers_last_text'] != '' && $product_info['quantity'] <= intval($data['topstickers_last_numbers']) && $product_info['quantity'] > 0) {
								$data['product_last_sticker'] = $data['topstickers_last_text'];
							}

							// Freeshipping sticker
							$data['product_freeshipping_sticker'] = false;
							if ($data['topstickers_freeshipping_status'] && $data['topstickers_freeshipping_text'] && $data['topstickers_freeshipping_text'] != '') {
								if ((float)$product_info['special'] && (float)$product_info['special'] >= (float)$data['topstickers_freeshipping_price']) {
									$data['product_freeshipping_sticker'] = $data['topstickers_freeshipping_text'];
								} elseif ((float)$product_info['price'] >= (float)$data['topstickers_freeshipping_price']) {
									$data['product_freeshipping_sticker'] = $data['topstickers_freeshipping_text'];
								} else {
									$data['product_freeshipping_sticker'] = false;
								}
							}
					// Top stickers end

					// Top stickers custom start
						$current_language_id = $this->config->get('config_language_id');
						$data['custom_topstickers'] = array();
						foreach ($this->model_catalog_product->getProductTopStickers($this->request->get['product_id']) as $topsticker) {
							$custom_topsticker_text = json_decode( $topsticker['text'], true);
							$data['custom_topstickers'][] = array(
								'topsticker_id'	=> $topsticker['topsticker_id'],
								'name'  		=> $topsticker['name'],
								'text' 			=> $custom_topsticker_text[$current_language_id],
								'bg_color'  	=> $topsticker['bg_color'],
								'status'    	=> $topsticker['status']
							);
						}
					// Top stickers custom end
				]]>
			</add>
		</operation>
		<operation>
			<search>
				<![CDATA[
					$data['products'][] = array(
				]]>
			</search>
			<add position="before">
				<![CDATA[
					// Top stickers start
						// Stickers for related products
						$related_product_info = $this->model_catalog_product->getProduct($result['product_id']);

							// Sold sticker
							$related_product_sold_sticker = false;
							if ($data['topstickers_sold_status'] && $data['topstickers_sold_text'] && $data['topstickers_sold_text'] != '' && $related_product_info['quantity'] <= 0) {
								$related_product_sold_sticker = $data['topstickers_sold_text'];
							}

							// Sale sticker
							$related_product_sale_sticker = false;
							if ($data['topstickers_sale_status'] && $data['topstickers_sale_text'] && $data['topstickers_sale_text'] != '' && (float)$related_product_info['special']) {
								$related_product_sale_sticker = $data['topstickers_sale_text'];
							}

							// Bestseller sticker
							$related_product_bestseller_sticker = false;
							if ($data['topstickers_bestseller_status'] && $data['topstickers_bestseller_text'] && $data['topstickers_bestseller_text'] != '') {
								$bestsellers = $this->model_catalog_product->getBestSellerProducts( $data['topstickers_bestseller_numbers']);
								foreach ($bestsellers as $bestseller) {
									if ($bestseller['product_id'] == $result['product_id']) {
										$related_product_bestseller_sticker = $data['topstickers_bestseller_text'];
									}
								}
							}

							// Novelty sticker
							$related_product_novelty_sticker = false;
							if ($data['topstickers_novelty_status'] && $data['topstickers_novelty_text'] && $data['topstickers_novelty_text'] != '' && (strtotime($related_product_info['date_added']) + intval($data['topstickers_novelty_days']) * 24 * 3600) > time()) {
								$related_product_novelty_sticker = $data['topstickers_novelty_text'];
							}

							// Last sticker
							$related_product_last_sticker = false;
							if ($data['topstickers_last_status'] && $data['topstickers_last_text'] && $data['topstickers_last_text'] != '' && $related_product_info['quantity'] <= intval($data['topstickers_last_numbers']) && $related_product_info['quantity'] > 0) {
								$related_product_last_sticker = $data['topstickers_last_text'];
							}

							// Freeshipping sticker
							$related_product_freeshipping_sticker = false;
							if ($data['topstickers_freeshipping_status'] && $data['topstickers_freeshipping_text'] && $data['topstickers_freeshipping_text'] != '') {
								if ((float)$related_product_info['special'] && (float)$related_product_info['special'] >= $data['topstickers_freeshipping_price']) {
									$related_product_freeshipping_sticker = $data['topstickers_freeshipping_text'];
								} elseif ($related_product_info['price'] >= $data['topstickers_freeshipping_price']) {
									$related_product_freeshipping_sticker = $data['topstickers_freeshipping_text'];
								} else {
									$related_product_freeshipping_sticker = false;
								}
							}
					// Top stickers end

					// Top stickers custom start
						$current_language_id = $this->config->get('config_language_id');
						$related_custom_topstickers = array();
						foreach ($this->model_catalog_product->getProductTopStickers($result['product_id']) as $topsticker) {
							$related_custom_topsticker_text = json_decode( $topsticker['text'], true);
							$related_custom_topstickers[] = array(
								'topsticker_id'	=> $topsticker['topsticker_id'],
								'name'  		=> $topsticker['name'],
								'text' 			=> $related_custom_topsticker_text[$current_language_id],
								'bg_color'  	=> $topsticker['bg_color'],
								'status'    	=> $topsticker['status']
							);
						}
					// Top stickers custom end
				]]>
			</add>
		</operation>
		<operation>
			<search>
				<![CDATA[
					'rating'      => $rating,
				]]>
			</search>
			<add position="after">
				<![CDATA[
					// Top stickers start
						'product_sold_sticker' => $related_product_sold_sticker,
						'product_sale_sticker' => $related_product_sale_sticker,
						'product_bestseller_sticker' => $related_product_bestseller_sticker,
						'product_novelty_sticker' => $related_product_novelty_sticker,
						'product_last_sticker' => $related_product_last_sticker,
						'product_freeshipping_sticker' => $related_product_freeshipping_sticker,
						'product_custom_topstickers' => $related_custom_topstickers,
					// Top stickers end
				]]>
			</add>
		</operation>
	</file>
	<file path="catalog/view/theme/*/template/product/product.tpl">
		<operation>
			<search>
				<![CDATA[
					<?php if ($thumb || $images) { ?>
				]]>
			</search>
			<add position="after">
				<![CDATA[
					<!-- Top stickers start-->
						<?php if ($topstickers_status) { ?>
							<div class="topstickers_wrapper">
								<?php if ($product_sold_sticker) { ?>
									<div class="topstickers topstickers_sold">
										<?php echo $product_sold_sticker; ?>
									</div>
								<?php } ?>
								<?php if ($product_sale_sticker) { ?>
									<div class="topstickers topstickers_sale">
										<?php echo $product_sale_sticker; ?>
									</div>
								<?php } ?>
								<?php if ($product_bestseller_sticker) { ?>
									<div class="topstickers topstickers_bestseller">
										<?php echo $product_bestseller_sticker; ?>
									</div>
								<?php } ?>
								<?php if ($product_novelty_sticker) { ?>
									<div class="topstickers topstickers_novelty">
										<?php echo $product_novelty_sticker; ?>
									</div>
								<?php } ?>
								<?php if ($product_last_sticker) { ?>
									<div class="topstickers topstickers_last">
										<?php echo $product_last_sticker; ?>
									</div>
								<?php } ?>
								<?php if ($product_freeshipping_sticker) { ?>
									<div class="topstickers topstickers_freeshipping">
										<?php echo $product_freeshipping_sticker; ?>
									</div>
								<?php } ?>
								<?php if (!empty($custom_topstickers)) { ?>
									<?php foreach ($custom_topstickers as $custom_topsticker) { ?>
										<div class="topstickers topstickers_<?php echo $custom_topsticker['name']; ?>" style="background:<?php echo $custom_topsticker['bg_color']; ?>;">
											<?php echo $custom_topsticker['text']; ?>
										</div>
									<?php } ?>
								<?php } ?>
							</div>
						<?php } ?>
					<!-- Top stickers end-->
				]]>
			</add>
		</operation>
		<operation>
			<search>
				<![CDATA[
					<div class="product-thumb transition">
				]]>
			</search>
			<add position="after">
				<![CDATA[
					<!-- Top stickers start-->
						<?php if ($topstickers_status) { ?>
							<div class="topstickers_wrapper">
								<?php if ($product['product_sold_sticker']) { ?>
									<div class="topstickers topstickers_sold">
										<?php echo $product['product_sold_sticker']; ?>
									</div>
								<?php } ?>
								<?php if ($product['product_sale_sticker']) { ?>
									<div class="topstickers topstickers_sale">
										<?php echo $product['product_sale_sticker']; ?>
									</div>
								<?php } ?>
								<?php if ($product['product_bestseller_sticker']) { ?>
									<div class="topstickers topstickers_bestseller">
										<?php echo $product['product_bestseller_sticker']; ?>
									</div>
								<?php } ?>
								<?php if ($product['product_novelty_sticker']) { ?>
									<div class="topstickers topstickers_novelty">
										<?php echo $product['product_novelty_sticker']; ?>
									</div>
								<?php } ?>
								<?php if ($product['product_last_sticker']) { ?>
									<div class="topstickers topstickers_last">
										<?php echo $product['product_last_sticker']; ?>
									</div>
								<?php } ?>
								<?php if ($product['product_freeshipping_sticker']) { ?>
									<div class="topstickers topstickers_freeshipping">
										<?php echo $product['product_freeshipping_sticker']; ?>
									</div>
								<?php } ?>
								<?php if (!empty($product['product_custom_topstickers'])) { ?>
									<?php foreach ($product['product_custom_topstickers'] as $custom_topsticker) { ?>
										<div class="topstickers topstickers_<?php echo $custom_topsticker['name']; ?>" style="background:<?php echo $custom_topsticker['bg_color']; ?>;">
											<?php echo $custom_topsticker['text']; ?>
										</div>
									<?php } ?>
								<?php } ?>
							</div>
						<?php } ?>
					<!-- Top stickers end-->
				]]>
			</add>
		</operation>
	</file>
	<file path="catalog/controller/product/{category.php,search.php,special.php,manufacturer.php}">
		<operation>
			<search>
				<![CDATA[
					$data['breadcrumbs'] = array();
				]]>
			</search>
			<add position="before">
				<![CDATA[
					// Top stickers start
						$this->load->model('setting/setting');

						// Statuses
						$data['topstickers_status'] = $this->config->get('topstickers_status');
						$data['topstickers_sold_status'] = $this->config->get('topstickers_sold_status');
						$data['topstickers_sale_status'] = $this->config->get('topstickers_sale_status');
						$data['topstickers_bestseller_status'] = $this->config->get('topstickers_bestseller_status');
						$data['topstickers_novelty_status'] = $this->config->get('topstickers_novelty_status');
						$data['topstickers_last_status'] = $this->config->get('topstickers_last_status');
						$data['topstickers_freeshipping_status'] = $this->config->get('topstickers_freeshipping_status');

						// Text
						$current_language_id = $this->config->get('config_language_id');
						$data['topstickers_sold_text'] = $this->config->get('topstickers_sold_text')[$current_language_id];
						$data['topstickers_sale_text'] = $this->config->get('topstickers_sale_text')[$current_language_id];
						$data['topstickers_bestseller_text'] = $this->config->get('topstickers_bestseller_text')[$current_language_id];
						$data['topstickers_novelty_text'] = $this->config->get('topstickers_novelty_text')[$current_language_id];
						$data['topstickers_last_text'] = $this->config->get('topstickers_last_text')[$current_language_id];
						$data['topstickers_freeshipping_text'] = $this->config->get('topstickers_freeshipping_text')[$current_language_id];

						// Additional data
						$data['topstickers_bestseller_numbers'] = $this->config->get('topstickers_bestseller_numbers');
						$data['topstickers_novelty_days'] = $this->config->get('topstickers_novelty_days');
						$data['topstickers_last_numbers'] = $this->config->get('topstickers_last_numbers');
						$data['topstickers_freeshipping_price'] = $this->config->get('topstickers_freeshipping_price');
					// Top stickers end
				]]>
			</add>
		</operation>
		<operation>
			<search>
				<![CDATA[
					$data['products'][] = array(
				]]>
			</search>
			<add position="before">
				<![CDATA[
					// Top stickers start
						// Stickers for current product
						$product_info = $this->model_catalog_product->getProduct($result['product_id']);

							// Sold sticker
							$data['product_sold_sticker'] = false;
							if ($data['topstickers_sold_status'] && $data['topstickers_sold_text'] && $data['topstickers_sold_text'] != '' && $product_info['quantity'] <= 0) {
								$data['product_sold_sticker'] = $data['topstickers_sold_text'];
							}

							// Sale sticker
							$data['product_sale_sticker'] = false;
							if ($data['topstickers_sale_status'] && $data['topstickers_sale_text'] && $data['topstickers_sale_text'] != '' && (float)$product_info['special']) {
								$data['product_sale_sticker'] = $data['topstickers_sale_text'];
							}

							// Bestseller sticker
							$data['product_bestseller_sticker'] = false;
							if ($data['topstickers_bestseller_status'] && $data['topstickers_bestseller_text'] && $data['topstickers_bestseller_text'] != '') {
								$bestsellers = $this->model_catalog_product->getBestSellerProducts( $data['topstickers_bestseller_numbers']);
								foreach ($bestsellers as $bestseller) {
									if ($bestseller['product_id'] == $result['product_id']) {
										$data['product_bestseller_sticker'] = $data['topstickers_bestseller_text'];
									}
								}
							}

							// Novelty sticker
							$data['product_novelty_sticker'] = false;
							if ($data['topstickers_novelty_status'] && $data['topstickers_novelty_text'] && $data['topstickers_novelty_text'] != '' && (strtotime($product_info['date_added']) + intval($data['topstickers_novelty_days']) * 24 * 3600) > time()) {
								$data['product_novelty_sticker'] = $data['topstickers_novelty_text'];
							}

							// Last sticker
							$data['product_last_sticker'] = false;
							if ($data['topstickers_last_status'] && $data['topstickers_last_text'] && $data['topstickers_last_text'] != '' && $product_info['quantity'] <= intval($data['topstickers_last_numbers']) && $product_info['quantity'] > 0) {
								$data['product_last_sticker'] = $data['topstickers_last_text'];
							}

							// Freeshipping sticker
							$data['product_freeshipping_sticker'] = false;
							if ($data['topstickers_freeshipping_status'] && $data['topstickers_freeshipping_text'] && $data['topstickers_freeshipping_text'] != '') {
								if ((float)$product_info['special'] && (float)$product_info['special'] >= $data['topstickers_freeshipping_price']) {
									$data['product_freeshipping_sticker'] = $data['topstickers_freeshipping_text'];
								} elseif ($product_info['price'] >= $data['topstickers_freeshipping_price']) {
									$data['product_freeshipping_sticker'] = $data['topstickers_freeshipping_text'];
								} else {
									$data['product_freeshipping_sticker'] = false;
								}
							}
					// Top stickers end

					// Top stickers custom start
						$current_language_id = $this->config->get('config_language_id');
						$product_custom_topstickers = array();
						foreach ($this->model_catalog_product->getProductTopStickers($result['product_id']) as $topsticker) {
							$product_custom_topsticker_text = json_decode( $topsticker['text'], true);
							$product_custom_topstickers[] = array(
								'topsticker_id'	=> $topsticker['topsticker_id'],
								'name'  		=> $topsticker['name'],
								'text' 			=> $product_custom_topsticker_text[$current_language_id],
								'bg_color'  	=> $topsticker['bg_color'],
								'status'    	=> $topsticker['status']
							);
						}
					// Top stickers custom end
				]]>
			</add>
		</operation>
		<operation>
			<search>
				<![CDATA[
					'rating'      => $result['rating'],
				]]>
			</search>
			<add position="after">
				<![CDATA[
					// Top stickers start
						'product_sold_sticker' => $data['product_sold_sticker'],
						'product_sale_sticker' => $data['product_sale_sticker'],
						'product_bestseller_sticker' => $data['product_bestseller_sticker'],
						'product_novelty_sticker' => $data['product_novelty_sticker'],
						'product_last_sticker' => $data['product_last_sticker'],
						'product_freeshipping_sticker' => $data['product_freeshipping_sticker'],
						'product_custom_topstickers' => $product_custom_topstickers,
					// Top stickers end
				]]>
			</add>
		</operation>
	</file>
	<file path="catalog/view/theme/*/template/product/{category.tpl,search.tpl,special.tpl,manufacturer_info.tpl}">
		<operation>
			<search>
				<![CDATA[
					<div class="product-thumb">
				]]>
			</search>
			<add position="after">
				<![CDATA[
					<!-- Top stickers start-->
						<?php if ($topstickers_status) { ?>
							<div class="topstickers_wrapper">
								<?php if ($product['product_sold_sticker']) { ?>
									<div class="topstickers topstickers_sold">
										<?php echo $product['product_sold_sticker']; ?>
									</div>
								<?php } ?>
								<?php if ($product['product_sale_sticker']) { ?>
									<div class="topstickers topstickers_sale">
										<?php echo $product['product_sale_sticker']; ?>
									</div>
								<?php } ?>
								<?php if ($product['product_bestseller_sticker']) { ?>
									<div class="topstickers topstickers_bestseller">
										<?php echo $product['product_bestseller_sticker']; ?>
									</div>
								<?php } ?>
								<?php if ($product['product_novelty_sticker']) { ?>
									<div class="topstickers topstickers_novelty">
										<?php echo $product['product_novelty_sticker']; ?>
									</div>
								<?php } ?>
								<?php if ($product['product_last_sticker']) { ?>
									<div class="topstickers topstickers_last">
										<?php echo $product['product_last_sticker']; ?>
									</div>
								<?php } ?>
								<?php if ($product['product_freeshipping_sticker']) { ?>
									<div class="topstickers topstickers_freeshipping">
										<?php echo $product['product_freeshipping_sticker']; ?>
									</div>
								<?php } ?>
								<?php if (!empty($product['product_custom_topstickers'])) { ?>
									<?php foreach ($product['product_custom_topstickers'] as $custom_topsticker) { ?>
										<div class="topstickers topstickers_<?php echo $custom_topsticker['name']; ?>" style="background:<?php echo $custom_topsticker['bg_color']; ?>;">
											<?php echo $custom_topsticker['text']; ?>
										</div>
									<?php } ?>
								<?php } ?>
							</div>
						<?php } ?>
					<!-- Top stickers end-->
				]]>
			</add>
		</operation>
	</file>
	<file path="catalog/controller/module/featured.php">
		<operation>
			<search>
				<![CDATA[
					$this->load->model('catalog/product');
				]]>
			</search>
			<add position="before">
				<![CDATA[
					// Top stickers start
						$this->load->model('setting/setting');

						// Statuses
						$data['topstickers_status'] = $this->config->get('topstickers_status');
						$data['topstickers_sold_status'] = $this->config->get('topstickers_sold_status');
						$data['topstickers_sale_status'] = $this->config->get('topstickers_sale_status');
						$data['topstickers_bestseller_status'] = $this->config->get('topstickers_bestseller_status');
						$data['topstickers_novelty_status'] = $this->config->get('topstickers_novelty_status');
						$data['topstickers_last_status'] = $this->config->get('topstickers_last_status');
						$data['topstickers_freeshipping_status'] = $this->config->get('topstickers_freeshipping_status');

						// Text
						$current_language_id = $this->config->get('config_language_id');
						$data['topstickers_sold_text'] = $this->config->get('topstickers_sold_text')[$current_language_id];
						$data['topstickers_sale_text'] = $this->config->get('topstickers_sale_text')[$current_language_id];
						$data['topstickers_bestseller_text'] = $this->config->get('topstickers_bestseller_text')[$current_language_id];
						$data['topstickers_novelty_text'] = $this->config->get('topstickers_novelty_text')[$current_language_id];
						$data['topstickers_last_text'] = $this->config->get('topstickers_last_text')[$current_language_id];
						$data['topstickers_freeshipping_text'] = $this->config->get('topstickers_freeshipping_text')[$current_language_id];

						// Additional data
						$data['topstickers_bestseller_numbers'] = $this->config->get('topstickers_bestseller_numbers');
						$data['topstickers_novelty_days'] = $this->config->get('topstickers_novelty_days');
						$data['topstickers_last_numbers'] = $this->config->get('topstickers_last_numbers');
						$data['topstickers_freeshipping_price'] = $this->config->get('topstickers_freeshipping_price');
					// Top stickers end
				]]>
			</add>
		</operation>
		<operation>
			<search>
				<![CDATA[
					$data['products'][] = array(
				]]>
			</search>
			<add position="before">
				<![CDATA[
					// Top stickers start
						// Stickers for current product
							// Sold sticker
							$data['product_sold_sticker'] = false;
							if ($data['topstickers_sold_status'] && $data['topstickers_sold_text'] && $data['topstickers_sold_text'] != '' && $product_info['quantity'] <= 0) {
								$data['product_sold_sticker'] = $data['topstickers_sold_text'];
							}

							// Sale sticker
							$data['product_sale_sticker'] = false;
							if ($data['topstickers_sale_status'] && $data['topstickers_sale_text'] && $data['topstickers_sale_text'] != '' && (float)$product_info['special']) {
								$data['product_sale_sticker'] = $data['topstickers_sale_text'];
							}

							// Bestseller sticker
							$data['product_bestseller_sticker'] = false;
							if ($data['topstickers_bestseller_status'] && $data['topstickers_bestseller_text'] && $data['topstickers_bestseller_text'] != '') {
								$bestsellers = $this->model_catalog_product->getBestSellerProducts( $data['topstickers_bestseller_numbers']);
								foreach ($bestsellers as $bestseller) {
									if ($bestseller['product_id'] == $product_info['product_id']) {
										$data['product_bestseller_sticker'] = $data['topstickers_bestseller_text'];
									}
								}
							}

							// Novelty sticker
							$data['product_novelty_sticker'] = false;
							if ($data['topstickers_novelty_status'] && $data['topstickers_novelty_text'] && $data['topstickers_novelty_text'] != '' && (strtotime($product_info['date_added']) + intval($data['topstickers_novelty_days']) * 24 * 3600) > time()) {
								$data['product_novelty_sticker'] = $data['topstickers_novelty_text'];
							}

							// Last sticker
							$data['product_last_sticker'] = false;
							if ($data['topstickers_last_status'] && $data['topstickers_last_text'] && $data['topstickers_last_text'] != '' && $product_info['quantity'] <= intval($data['topstickers_last_numbers']) && $product_info['quantity'] > 0) {
								$data['product_last_sticker'] = $data['topstickers_last_text'];
							}

							// Freeshipping sticker
							$data['product_freeshipping_sticker'] = false;
							if ($data['topstickers_freeshipping_status'] && $data['topstickers_freeshipping_text'] && $data['topstickers_freeshipping_text'] != '') {
								if ((float)$product_info['special'] && (float)$product_info['special'] >= $data['topstickers_freeshipping_price']) {
									$data['product_freeshipping_sticker'] = $data['topstickers_freeshipping_text'];
								} elseif ($product_info['price'] >= $data['topstickers_freeshipping_price']) {
									$data['product_freeshipping_sticker'] = $data['topstickers_freeshipping_text'];
								} else {
									$data['product_freeshipping_sticker'] = false;
								}
							}
					// Top stickers end

					// Top stickers custom start
						$current_language_id = $this->config->get('config_language_id');
						$product_custom_topstickers = array();
						foreach ($this->model_catalog_product->getProductTopStickers($product_info['product_id']) as $topsticker) {
							$product_custom_topsticker_text = json_decode( $topsticker['text'], true);
							$product_custom_topstickers[] = array(
								'topsticker_id'	=> $topsticker['topsticker_id'],
								'name'  		=> $topsticker['name'],
								'text' 			=> $product_custom_topsticker_text[$current_language_id],
								'bg_color'  	=> $topsticker['bg_color'],
								'status'    	=> $topsticker['status']
							);
						}
					// Top stickers custom end
				]]>
			</add>
		</operation>
		<operation>
			<search>
				<![CDATA[
					'rating'      => $rating,
				]]>
			</search>
			<add position="after">
				<![CDATA[
					// Top stickers start
						'product_sold_sticker' => $data['product_sold_sticker'],
						'product_sale_sticker' => $data['product_sale_sticker'],
						'product_bestseller_sticker' => $data['product_bestseller_sticker'],
						'product_novelty_sticker' => $data['product_novelty_sticker'],
						'product_last_sticker' => $data['product_last_sticker'],
						'product_freeshipping_sticker' => $data['product_freeshipping_sticker'],
						'product_custom_topstickers' => $product_custom_topstickers,
					// Top stickers end
				]]>
			</add>
		</operation>
	</file>
	<file path="catalog/controller/module/{bestseller.php,latest.php,special.php}">
		<operation>
			<search>
				<![CDATA[
					$this->load->model('catalog/product');
				]]>
			</search>
			<add position="before">
				<![CDATA[
					// Top stickers start
						$this->load->model('setting/setting');

						// Statuses
						$data['topstickers_status'] = $this->config->get('topstickers_status');
						$data['topstickers_sold_status'] = $this->config->get('topstickers_sold_status');
						$data['topstickers_sale_status'] = $this->config->get('topstickers_sale_status');
						$data['topstickers_bestseller_status'] = $this->config->get('topstickers_bestseller_status');
						$data['topstickers_novelty_status'] = $this->config->get('topstickers_novelty_status');
						$data['topstickers_last_status'] = $this->config->get('topstickers_last_status');
						$data['topstickers_freeshipping_status'] = $this->config->get('topstickers_freeshipping_status');

						// Text
						$current_language_id = $this->config->get('config_language_id');
						$data['topstickers_sold_text'] = $this->config->get('topstickers_sold_text')[$current_language_id];
						$data['topstickers_sale_text'] = $this->config->get('topstickers_sale_text')[$current_language_id];
						$data['topstickers_bestseller_text'] = $this->config->get('topstickers_bestseller_text')[$current_language_id];
						$data['topstickers_novelty_text'] = $this->config->get('topstickers_novelty_text')[$current_language_id];
						$data['topstickers_last_text'] = $this->config->get('topstickers_last_text')[$current_language_id];
						$data['topstickers_freeshipping_text'] = $this->config->get('topstickers_freeshipping_text')[$current_language_id];

						// Additional data
						$data['topstickers_bestseller_numbers'] = $this->config->get('topstickers_bestseller_numbers');
						$data['topstickers_novelty_days'] = $this->config->get('topstickers_novelty_days');
						$data['topstickers_last_numbers'] = $this->config->get('topstickers_last_numbers');
						$data['topstickers_freeshipping_price'] = $this->config->get('topstickers_freeshipping_price');
					// Top stickers end
				]]>
			</add>
		</operation>
		<operation>
			<search>
				<![CDATA[
					$data['products'][] = array(
				]]>
			</search>
			<add position="before">
				<![CDATA[
					// Top stickers start
						// Stickers for current product
						$product_info = $this->model_catalog_product->getProduct($result['product_id']);

							// Sold sticker
							$data['product_sold_sticker'] = false;
							if ($data['topstickers_sold_status'] && $data['topstickers_sold_text'] && $data['topstickers_sold_text'] != '' && $product_info['quantity'] <= 0) {
								$data['product_sold_sticker'] = $data['topstickers_sold_text'];
							}

							// Sale sticker
							$data['product_sale_sticker'] = false;
							if ($data['topstickers_sale_status'] && $data['topstickers_sale_text'] && $data['topstickers_sale_text'] != '' && (float)$product_info['special']) {
								$data['product_sale_sticker'] = $data['topstickers_sale_text'];
							}

							// Bestseller sticker
							$data['product_bestseller_sticker'] = false;
							if ($data['topstickers_bestseller_status'] && $data['topstickers_bestseller_text'] && $data['topstickers_bestseller_text'] != '') {
								$bestsellers = $this->model_catalog_product->getBestSellerProducts( $data['topstickers_bestseller_numbers']);
								foreach ($bestsellers as $bestseller) {
									if ($bestseller['product_id'] == $result['product_id']) {
										$data['product_bestseller_sticker'] = $data['topstickers_bestseller_text'];
									}
								}
							}

							// Novelty sticker
							$data['product_novelty_sticker'] = false;
							if ($data['topstickers_novelty_status'] && $data['topstickers_novelty_text'] && $data['topstickers_novelty_text'] != '' && (strtotime($product_info['date_added']) + intval($data['topstickers_novelty_days']) * 24 * 3600) > time()) {
								$data['product_novelty_sticker'] = $data['topstickers_novelty_text'];
							}

							// Last sticker
							$data['product_last_sticker'] = false;
							if ($data['topstickers_last_status'] && $data['topstickers_last_text'] && $data['topstickers_last_text'] != '' && $product_info['quantity'] <= intval($data['topstickers_last_numbers']) && $product_info['quantity'] > 0) {
								$data['product_last_sticker'] = $data['topstickers_last_text'];
							}

							// Freeshipping sticker
							$data['product_freeshipping_sticker'] = false;
							if ($data['topstickers_freeshipping_status'] && $data['topstickers_freeshipping_text'] && $data['topstickers_freeshipping_text'] != '') {
								if ((float)$product_info['special'] && (float)$product_info['special'] >= $data['topstickers_freeshipping_price']) {
									$data['product_freeshipping_sticker'] = $data['topstickers_freeshipping_text'];
								} elseif ($product_info['price'] >= $data['topstickers_freeshipping_price']) {
									$data['product_freeshipping_sticker'] = $data['topstickers_freeshipping_text'];
								} else {
									$data['product_freeshipping_sticker'] = false;
								}
							}
					// Top stickers end

					// Top stickers custom start
						$current_language_id = $this->config->get('config_language_id');
						$product_custom_topstickers = array();
						foreach ($this->model_catalog_product->getProductTopStickers($result['product_id']) as $topsticker) {
							$product_custom_topsticker_text = json_decode( $topsticker['text'], true);
							$product_custom_topstickers[] = array(
								'topsticker_id'	=> $topsticker['topsticker_id'],
								'name'  		=> $topsticker['name'],
								'text' 			=> $product_custom_topsticker_text[$current_language_id],
								'bg_color'  	=> $topsticker['bg_color'],
								'status'    	=> $topsticker['status']
							);
						}
					// Top stickers custom end
				]]>
			</add>
		</operation>
		<operation>
			<search>
				<![CDATA[
					'rating'      => $rating,
				]]>
			</search>
			<add position="after">
				<![CDATA[
					// Top stickers start
						'product_sold_sticker' => $data['product_sold_sticker'],
						'product_sale_sticker' => $data['product_sale_sticker'],
						'product_bestseller_sticker' => $data['product_bestseller_sticker'],
						'product_novelty_sticker' => $data['product_novelty_sticker'],
						'product_last_sticker' => $data['product_last_sticker'],
						'product_freeshipping_sticker' => $data['product_freeshipping_sticker'],
						'product_custom_topstickers' => $product_custom_topstickers,
					// Top stickers end
				]]>
			</add>
		</operation>
	</file>
	<file path="catalog/view/theme/*/template/module/{bestseller.tpl,featured.tpl,latest.tpl,special.tpl}">
		<operation>
			<search>
				<![CDATA[
					<div class="product-thumb transition">
				]]>
			</search>
			<add position="after">
				<![CDATA[
					<!-- Top stickers start-->
						<?php if ($topstickers_status) { ?>
							<div class="topstickers_wrapper">
								<?php if ($product['product_sold_sticker']) { ?>
									<div class="topstickers topstickers_sold">
										<?php echo $product['product_sold_sticker']; ?>
									</div>
								<?php } ?>
								<?php if ($product['product_sale_sticker']) { ?>
									<div class="topstickers topstickers_sale">
										<?php echo $product['product_sale_sticker']; ?>
									</div>
								<?php } ?>
								<?php if ($product['product_bestseller_sticker']) { ?>
									<div class="topstickers topstickers_bestseller">
										<?php echo $product['product_bestseller_sticker']; ?>
									</div>
								<?php } ?>
								<?php if ($product['product_novelty_sticker']) { ?>
									<div class="topstickers topstickers_novelty">
										<?php echo $product['product_novelty_sticker']; ?>
									</div>
								<?php } ?>
								<?php if ($product['product_last_sticker']) { ?>
									<div class="topstickers topstickers_last">
										<?php echo $product['product_last_sticker']; ?>
									</div>
								<?php } ?>
								<?php if ($product['product_freeshipping_sticker']) { ?>
									<div class="topstickers topstickers_freeshipping">
										<?php echo $product['product_freeshipping_sticker']; ?>
									</div>
								<?php } ?>
								<?php if (!empty($product['product_custom_topstickers'])) { ?>
									<?php foreach ($product['product_custom_topstickers'] as $custom_topsticker) { ?>
										<div class="topstickers topstickers_<?php echo $custom_topsticker['name']; ?>" style="background:<?php echo $custom_topsticker['bg_color']; ?>;">
											<?php echo $custom_topsticker['text']; ?>
										</div>
									<?php } ?>
								<?php } ?>
							</div>
						<?php } ?>
					<!-- Top stickers end-->
				]]>
			</add>
		</operation>
	</file>
</modification>